GEOID,NAME,pop,income,rent,home_value,vacancy_rate,ami_60,below_60_ami,PovertyRate,LILATracts_1And10,lapop1share,LATracts_half,TractHUNV,TractSNAP,snap_pct,hunv_pct
29095013704,"Census Tract 137.04, Jackson County, Missouri",6023,73750,988,179900,0.0396,49620,0,8.4,0,5.17,1,93,104,0.0173,0.0154
29095012804,"Census Tract 128.04, Jackson County, Missouri",6087,44947,1095,103300,0.0465,49620,1,18.1,1,48.74,1,67,444,0.0729,0.011
29095016600,"Census Tract 166, Jackson County, Missouri",1396,26944,756,46300,0.275,49620,1,29.9,0,24.04,1,180,264,0.1891,0.1289
29095016400,"Census Tract 164, Jackson County, Missouri",1696,25795,845,44200,0.311,49620,1,48,0,17.21,1,159,201,0.1185,0.0938
29095003800,"Census Tract 38, Jackson County, Missouri",1531,30417,582,64500,0.3638,49620,1,17.4,0,NULL,0,175,190,0.1241,0.1143
29095012904,"Census Tract 129.04, Jackson County, Missouri",2964,63125,1126,110100,0.0711,49620,0,7.4,0,51.71,1,30,76,0.0256,0.0101
29095005602,"Census Tract 56.02, Jackson County, Missouri",1424,28958,1021,57900,0.3751,49620,1,49.1,0,NULL,0,186,271,0.1903,0.1306
29095004400,"Census Tract 44, Jackson County, Missouri",1440,74178,1302,248100,0.0928,49620,0,13,0,38.62,1,26,5,0.0035,0.0181
29095007900,"Census Tract 79, Jackson County, Missouri",3612,27672,872,59100,0.2379,49620,1,20.4,1,59.76,1,364,465,0.1287,0.1008
29095012701,"Census Tract 127.01, Jackson County, Missouri",6771,62331,867,123300,0.0787,49620,0,8.2,0,3.80,1,61,292,0.0431,0.009
29095002000,"Census Tract 20, Jackson County, Missouri",2443,40335,864,44300,0.22,49620,1,38.7,0,0.31,1,68,211,0.0864,0.0278
29095000700,"Census Tract 7, Jackson County, Missouri",3469,38571,809,64900,0.1899,49620,1,18.6,0,NULL,0,147,278,0.0801,0.0424
29095001100,"Census Tract 11, Jackson County, Missouri",1744,42760,996,142500,0.1828,49620,1,23.2,0,NULL,0,252,97,0.0556,0.1445
29095007200,"Census Tract 72, Jackson County, Missouri",1918,113000,1547,458800,0.1254,49620,0,4.4,0,NULL,1,16,0,0,0.0083
29095014603,"Census Tract 146.03, Jackson County, Missouri",3597,69919,1164,123000,0.0662,49620,0,5.6,0,28.36,1,57,103,0.0286,0.0158
29095013100,"Census Tract 131, Jackson County, Missouri",2454,46016,1018,86200,0.176,49620,1,17.5,0,0.00,1,118,137,0.0558,0.0481
29095017300,"Census Tract 173, Jackson County, Missouri",3431,82692,1101,184100,0.0494,49620,0,2.7,0,0.81,1,26,9,0.0026,0.0076
29095014006,"Census Tract 140.06, Jackson County, Missouri",6307,79254,1032,170800,0.0295,49620,0,7.8,0,98.46,1,66,87,0.0138,0.0105
29095013504,"Census Tract 135.04, Jackson County, Missouri",3512,98050,1289,256300,0,49620,0,4.9,0,64.35,0,9,0,0,0.0026
29095013410,"Census Tract 134.10, Jackson County, Missouri",3663,44055,857,61700,0.1558,49620,1,13.3,1,100.00,1,132,287,0.0784,0.036
29095016100,"Census Tract 161, Jackson County, Missouri",2134,38170,695,160200,0.1532,49620,1,26.4,0,10.26,1,243,216,0.1012,0.1139
29095000600,"Census Tract 6, Jackson County, Missouri",4402,35280,809,42800,0.2525,49620,1,30.6,0,NULL,1,125,363,0.0825,0.0284
29095008800,"Census Tract 88, Jackson County, Missouri",3684,37817,867,59300,0.2541,49620,1,30.4,1,86.73,1,386,385,0.1045,0.1048
29095000900,"Census Tract 9, Jackson County, Missouri",2640,33854,754,74300,0.1944,49620,1,43.5,0,NULL,0,167,300,0.1136,0.0633
29095015400,"Census Tract 154, Jackson County, Missouri",3900,14701,638,100900,0.1268,49620,1,59.3,0,NULL,0,330,716,0.1836,0.0846
29095016000,"Census Tract 160, Jackson County, Missouri",1484,28994,833,81900,0.2957,49620,1,37.2,0,NULL,1,186,195,0.1314,0.1253
29095007600,"Census Tract 76, Jackson County, Missouri",2018,40347,888,51600,0.3159,49620,1,23.9,1,87.44,1,132,230,0.114,0.0654
29095015700,"Census Tract 157, Jackson County, Missouri",3601,58839,1136,201600,0.0744,49620,0,9.6,0,NULL,0,273,25,0.0069,0.0758
29095008500,"Census Tract 85, Jackson County, Missouri",3788,150542,NA,481200,0,49620,0,1,0,NULL,1,12,0,0,0.0032
29095009000,"Census Tract 90, Jackson County, Missouri",4533,46034,952,74600,0.1739,49620,1,28.2,1,67.95,1,102,426,0.094,0.0225
29095005400,"Census Tract 54, Jackson County, Missouri",868,28167,696,NA,0.3199,49620,1,25.6,0,NULL,0,138,144,0.1659,0.159
29095006300,"Census Tract 63, Jackson County, Missouri",1587,20408,729,37500,0.3603,49620,1,41.4,1,60.49,1,317,313,0.1972,0.1997
29095005300,"Census Tract 53, Jackson County, Missouri",1528,50909,784,155100,0.2463,49620,0,18.3,0,NULL,0,132,168,0.1099,0.0864
29095005700,"Census Tract 57, Jackson County, Missouri",2371,31250,864,39800,0.322,49620,1,28.5,0,NULL,1,117,192,0.081,0.0493
29095006500,"Census Tract 65, Jackson County, Missouri",1630,47179,872,186800,0.2067,49620,1,15.4,0,NULL,1,67,25,0.0153,0.0411
29095008200,"Census Tract 82, Jackson County, Missouri",2950,100716,1408,205300,0,49620,0,6.7,0,NULL,1,34,0,0,0.0115
29095001800,"Census Tract 18, Jackson County, Missouri",2579,27656,759,61000,0.3381,49620,1,37.2,0,NULL,0,174,327,0.1268,0.0675
29095013502,"Census Tract 135.02, Jackson County, Missouri",6059,88963,1454,171700,0.0127,49620,0,5.3,0,97.98,1,24,10,0.0017,0.004
29095006700,"Census Tract 67, Jackson County, Missouri",1811,53182,841,147500,0.163,49620,0,18.5,0,NULL,1,160,52,0.0287,0.0883
29095013407,"Census Tract 134.07, Jackson County, Missouri",2519,96776,879,262500,0.1661,49620,0,2.4,0,66.47,1,217,0,0,0.0861
29095009300,"Census Tract 93, Jackson County, Missouri",2618,57959,1275,156900,0.028,49620,0,8,0,NULL,0,66,0,0,0.0252
29095018000,"Census Tract 180, Jackson County, Missouri",3566,49404,1004,129500,0.0314,49620,1,10.1,0,0.74,1,94,99,0.0278,0.0264
29095014004,"Census Tract 140.04, Jackson County, Missouri",3053,52394,887,148800,0.0989,49620,0,16.6,1,24.84,1,33,132,0.0432,0.0108
29095013208,"Census Tract 132.08, Jackson County, Missouri",2683,37382,797,98600,0.1291,49620,1,29.6,0,5.72,1,259,228,0.085,0.0965
29095013405,"Census Tract 134.05, Jackson County, Missouri",2058,52348,808,245900,0.1725,49620,0,30.1,0,23.04,0,124,246,0.1195,0.0603
29095009100,"Census Tract 91, Jackson County, Missouri",3805,79763,1093,205200,0.0673,49620,0,2.9,0,NULL,1,52,0,0,0.0137
29095013401,"Census Tract 134.01, Jackson County, Missouri",2648,43681,793,150800,0.2127,49620,1,20.4,1,57.99,1,97,253,0.0955,0.0366
29095009900,"Census Tract 99, Jackson County, Missouri",2158,65223,1041,151400,0.0268,49620,0,9.9,0,0.00,1,40,22,0.0102,0.0185
29095010702,"Census Tract 107.02, Jackson County, Missouri",3468,35992,937,94400,0.1204,49620,1,30.5,0,8.09,1,233,430,0.124,0.0672
29095010201,"Census Tract 102.01, Jackson County, Missouri",2362,29130,688,83100,0.1744,49620,1,38,1,100.00,1,144,379,0.1605,0.061
29095017900,"Census Tract 179, Jackson County, Missouri",4709,64387,1001,178300,0.043,49620,0,8.1,0,3.26,1,187,40,0.0085,0.0397
29095004300,"Census Tract 43, Jackson County, Missouri",2370,41700,1009,248300,0.1441,49620,1,23.5,1,34.18,1,205,170,0.0717,0.0865
29095006900,"Census Tract 69, Jackson County, Missouri",1497,75208,1084,201500,0.215,49620,0,9.5,0,NULL,0,80,0,0,0.0534
29095010002,"Census Tract 100.02, Jackson County, Missouri",3875,46021,945,128400,0.1003,49620,1,11.6,0,29.15,1,180,57,0.0147,0.0465
29095005100,"Census Tract 51, Jackson County, Missouri",1623,73750,1011,331700,0.1689,49620,0,10.3,0,NULL,0,86,41,0.0253,0.053
29095012903,"Census Tract 129.03, Jackson County, Missouri",3428,38257,1074,84100,0.1344,49620,1,25.7,0,NULL,1,78,162,0.0473,0.0228
29095012200,"Census Tract 122, Jackson County, Missouri",6386,52269,989,106200,0.0947,49620,0,16.4,0,4.22,1,28,271,0.0424,0.0044
29095011900,"Census Tract 119, Jackson County, Missouri",3361,52013,949,80300,0.0891,49620,0,9.2,1,21.07,1,65,111,0.033,0.0193
29095012600,"Census Tract 126, Jackson County, Missouri",5159,43964,796,87600,0.1011,49620,1,16.5,0,NULL,1,141,302,0.0585,0.0273
29095014601,"Census Tract 146.01, Jackson County, Missouri",5276,59375,838,128200,0.0671,49620,0,8.1,1,19.74,1,110,169,0.032,0.0208
29095013703,"Census Tract 137.03, Jackson County, Missouri",5327,51217,820,146000,0.0643,49620,0,25,0,4.06,1,124,399,0.0749,0.0233
29095008600,"Census Tract 86, Jackson County, Missouri",5449,88021,983,251800,0.0412,49620,0,13.4,0,NULL,1,58,85,0.0156,0.0106
29095006000,"Census Tract 60, Jackson County, Missouri",1327,29625,782,42100,0.2969,49620,1,20.1,0,NULL,1,121,202,0.1522,0.0912
29095005801,"Census Tract 58.01, Jackson County, Missouri",2022,26466,680,45000,0.1727,49620,1,34.2,0,0.87,1,312,450,0.2226,0.1543
29095009200,"Census Tract 92, Jackson County, Missouri",3048,86792,1135,243600,0.0177,49620,0,4.2,0,NULL,0,46,32,0.0105,0.0151
29095017800,"Census Tract 178, Jackson County, Missouri",3289,33571,857,226000,0.2317,49620,1,27.1,0,NULL,0,414,350,0.1064,0.1259
29095003400,"Census Tract 34, Jackson County, Missouri",2886,25571,928,30200,0.3233,49620,1,30.5,1,36.59,1,141,243,0.0842,0.0489
29095008000,"Census Tract 80, Jackson County, Missouri",3239,33703,794,64500,0.1912,49620,1,23.6,0,6.82,1,434,246,0.0759,0.134
29095013203,"Census Tract 132.03, Jackson County, Missouri",4997,32500,1044,65800,0.1044,49620,1,47,0,NULL,1,343,486,0.0973,0.0686
29095011406,"Census Tract 114.06, Jackson County, Missouri",5670,61061,1073,97200,0.0262,49620,0,16.1,0,3.64,1,168,308,0.0543,0.0296
29095018100,"Census Tract 181, Jackson County, Missouri",7997,123608,2041,284800,0.043,49620,0,3.8,0,32.86,1,51,44,0.0055,0.0064
29095014204,"Census Tract 142.04, Jackson County, Missouri",8210,89643,1064,290800,0.0584,49620,0,4.8,0,33.02,1,30,141,0.0172,0.0037
29095008300,"Census Tract 83, Jackson County, Missouri",2528,127250,1600,359300,0.005,49620,0,3.9,0,NULL,1,18,5,0.002,0.0071
29095013901,"Census Tract 139.01, Jackson County, Missouri",6904,98886,1122,351100,0.1986,49620,0,2.8,0,99.89,0,85,72,0.0104,0.0123
29095016900,"Census Tract 169, Jackson County, Missouri",2721,35197,772,48200,0.2413,49620,1,25.7,0,NULL,1,271,269,0.0989,0.0996
29095012906,"Census Tract 129.06, Jackson County, Missouri",4786,48147,1196,82600,0.1054,49620,1,15,0,4.56,0,105,329,0.0687,0.0219
29095014904,"Census Tract 149.04, Jackson County, Missouri",6153,95030,1004,170900,0.0278,49620,0,6.4,0,53.83,1,15,55,0.0089,0.0024
29095014902,"Census Tract 149.02, Jackson County, Missouri",2052,53598,873,104300,0.0656,49620,0,20.7,0,22.88,1,18,115,0.056,0.0088
29095014604,"Census Tract 146.04, Jackson County, Missouri",4487,45797,897,128000,0.0766,49620,1,11.6,0,0.47,1,302,219,0.0488,0.0673
29095015800,"Census Tract 158, Jackson County, Missouri",1578,80203,1405,230100,0.0719,49620,0,12.2,0,0.07,1,26,9,0.0057,0.0165
29095005200,"Census Tract 52, Jackson County, Missouri",1092,18984,574,58100,0.1729,49620,1,41.2,0,NULL,1,189,200,0.1832,0.1731
29095012400,"Census Tract 124, Jackson County, Missouri",3945,48646,883,101500,0.0653,49620,1,9.9,0,4.96,1,50,131,0.0332,0.0127
29095013301,"Census Tract 133.01, Jackson County, Missouri",3756,36081,743,86500,0.0638,49620,1,16.8,1,14.60,1,178,259,0.069,0.0474
29095015200,"Census Tract 152, Jackson County, Missouri",2485,77700,1284,252800,0.121,49620,0,10.3,0,0.00,0,40,92,0.037,0.0161
29095014108,"Census Tract 141.08, Jackson County, Missouri",6753,60164,958,129600,0.0407,49620,0,22.6,1,83.59,1,200,337,0.0499,0.0296
29095003700,"Census Tract 37, Jackson County, Missouri",864,26923,804,26500,0.3702,49620,1,27.9,0,NULL,1,88,82,0.0949,0.1019
29095005500,"Census Tract 55, Jackson County, Missouri",701,37689,817,47000,0.3537,49620,1,16.7,0,NULL,1,31,86,0.1227,0.0442
29095002100,"Census Tract 21, Jackson County, Missouri",4114,26097,773,47800,0.2263,49620,1,50.4,1,44.10,1,332,631,0.1534,0.0807
29095012100,"Census Tract 121, Jackson County, Missouri",5512,43790,860,96500,0.0589,49620,1,9.7,0,NULL,1,138,119,0.0216,0.025
29095017600,"Census Tract 176, Jackson County, Missouri",5264,72315,879,144900,0.0639,49620,0,4.9,0,29.37,1,70,96,0.0182,0.0133
29095016200,"Census Tract 162, Jackson County, Missouri",1393,29474,653,95300,0.1831,49620,1,29,0,24.57,1,187,110,0.079,0.1342
29095001900,"Census Tract 19, Jackson County, Missouri",3632,26016,661,42000,0.1562,49620,1,42.1,0,NULL,0,354,443,0.122,0.0975
29095002200,"Census Tract 22, Jackson County, Missouri",2689,16823,616,41700,0.2666,49620,1,30.4,1,27.52,1,322,445,0.1655,0.1197
29095007300,"Census Tract 73, Jackson County, Missouri",3091,62411,1102,473100,0.177,49620,0,16.8,0,NULL,1,155,35,0.0113,0.0501
29095011600,"Census Tract 116, Jackson County, Missouri",5181,31310,588,89200,0.1434,49620,1,18.2,1,16.48,1,391,532,0.1027,0.0755
29095018600,"Census Tract 186, Jackson County, Missouri",3065,93657,1695,181500,0.0082,49620,0,2,0,12.21,1,15,16,0.0052,0.0049
29095012802,"Census Tract 128.02, Jackson County, Missouri",3502,55156,788,123900,0.0678,49620,0,5.9,0,47.05,1,58,78,0.0223,0.0166
29095018500,"Census Tract 185, Jackson County, Missouri",4152,125114,1128,290100,0.0059,49620,0,0,0,36.69,0,6,10,0.0024,0.0014
29095011200,"Census Tract 112, Jackson County, Missouri",3056,45824,1002,90200,0.1071,49620,1,25.7,1,57.71,1,103,241,0.0789,0.0337
29095013606,"Census Tract 136.06, Jackson County, Missouri",1390,130119,NA,276400,0,49620,0,0.7,0,16.48,1,23,5,0.0036,0.0165
29095014120,"Census Tract 141.20, Jackson County, Missouri",2895,92500,1066,200600,0.0285,49620,0,7,0,100.00,1,33,76,0.0263,0.0114
29095012501,"Census Tract 125.01, Jackson County, Missouri",3334,50735,901,93700,0.0624,49620,0,16.8,0,NULL,1,15,95,0.0285,0.0045
29095012502,"Census Tract 125.02, Jackson County, Missouri",2677,60950,1067,107500,0.1142,49620,0,5.8,0,1.75,1,69,61,0.0228,0.0258
29095010204,"Census Tract 102.04, Jackson County, Missouri",4573,47184,1020,105100,0.1167,49620,1,30.4,1,72.34,1,200,242,0.0529,0.0437
29095010203,"Census Tract 102.03, Jackson County, Missouri",4556,62334,1003,144700,0.0624,49620,0,4.9,0,97.44,1,9,43,0.0094,0.002
29095007802,"Census Tract 78.02, Jackson County, Missouri",2130,21886,712,68600,0.177,49620,1,32.6,0,22.35,1,306,295,0.1385,0.1437
29095017000,"Census Tract 170, Jackson County, Missouri",2652,34094,831,82600,0.0724,49620,1,20,0,18.32,1,104,283,0.1067,0.0392
29095013916,"Census Tract 139.16, Jackson County, Missouri",6337,112801,1029,241500,0.0152,49620,0,2.4,0,89.45,1,26,59,0.0093,0.0041
29095014300,"Census Tract 143, Jackson County, Missouri",5115,61806,929,172600,0.0803,49620,0,13.1,0,64.17,0,264,300,0.0587,0.0516
29095013801,"Census Tract 138.01, Jackson County, Missouri",5244,75651,848,182600,0.1091,49620,0,8.7,0,3.26,1,61,163,0.0311,0.0116
29095013802,"Census Tract 138.02, Jackson County, Missouri",8711,92468,1339,178000,0.0305,49620,0,1.2,0,4.63,1,0,58,0.0067,0
29095011000,"Census Tract 110, Jackson County, Missouri",4961,37955,843,61000,0.2,49620,1,25.7,1,20.96,1,100,317,0.0639,0.0202
29095014804,"Census Tract 148.04, Jackson County, Missouri",2955,121250,675,280400,0.0217,49620,0,2.2,0,98.65,1,14,0,0,0.0047
29095013608,"Census Tract 136.08, Jackson County, Missouri",5630,60976,1137,231000,0.1646,49620,0,9.1,0,16.30,1,524,86,0.0153,0.0931
29095014101,"Census Tract 141.01, Jackson County, Missouri",6376,46494,803,127100,0.0959,49620,1,9.7,0,9.70,1,209,314,0.0492,0.0328
29095014105,"Census Tract 141.05, Jackson County, Missouri",8392,71349,1135,146000,0.0107,49620,0,4.2,0,22.39,1,61,136,0.0162,0.0073
29095013313,"Census Tract 133.13, Jackson County, Missouri",4871,54826,856,108100,0.0546,49620,0,16.2,0,34.85,1,91,187,0.0384,0.0187
29095000800,"Census Tract 8, Jackson County, Missouri",4046,39273,833,66900,0.1294,49620,1,33.7,0,NULL,0,147,246,0.0608,0.0363
29095016500,"Census Tract 165, Jackson County, Missouri",2009,37583,1085,33200,0.3153,49620,1,15.4,0,NULL,1,124,249,0.1239,0.0617
29095013612,"Census Tract 136.12, Jackson County, Missouri",6852,140774,1226,329400,0,49620,0,1.2,0,97.62,1,83,9,0.0013,0.0121
29095012300,"Census Tract 123, Jackson County, Missouri",3513,51936,962,115900,0.0699,49620,0,10.1,0,3.24,1,29,99,0.0282,0.0083
29095015300,"Census Tract 153, Jackson County, Missouri",2956,32415,872,110900,0.1412,49620,1,23.7,1,53.21,1,128,191,0.0646,0.0433
29095015500,"Census Tract 155, Jackson County, Missouri",1275,31042,765,41700,0.3128,49620,1,17.3,1,79.39,1,45,93,0.0729,0.0353
29095013408,"Census Tract 134.08, Jackson County, Missouri",6282,49315,945,180600,0,49620,1,7.5,0,38.93,1,92,96,0.0153,0.0146
29095007500,"Census Tract 75, Jackson County, Missouri",2704,36769,910,113000,0.172,49620,1,38.5,0,14.58,1,60,78,0.0288,0.0222
29095016800,"Census Tract 168, Jackson County, Missouri",4389,55171,1014,160600,0.0311,49620,0,18.8,0,NULL,0,267,222,0.0506,0.0608
29095001000,"Census Tract 10, Jackson County, Missouri",2977,23088,542,158000,0.1679,49620,1,42.3,0,NULL,1,399,559,0.1878,0.134
29095017100,"Census Tract 171, Jackson County, Missouri",3783,39695,848,47600,0.1785,49620,1,26.7,0,6.98,1,268,342,0.0904,0.0708
29095006600,"Census Tract 66, Jackson County, Missouri",1910,49756,962,200000,0.0777,49620,0,14.3,0,NULL,1,118,35,0.0183,0.0618
29095009400,"Census Tract 94, Jackson County, Missouri",4735,53438,740,135700,0.1072,49620,0,17.2,0,NULL,1,428,174,0.0367,0.0904
29095014905,"Census Tract 149.05, Jackson County, Missouri",5028,91065,1703,215300,0.0311,49620,0,3.5,0,71.47,1,9,45,0.0089,0.0018
29095010001,"Census Tract 100.01, Jackson County, Missouri",1714,76875,1433,197200,0.1682,49620,0,3.5,0,0.72,1,105,15,0.0088,0.0613
29095008900,"Census Tract 89, Jackson County, Missouri",1833,40357,874,70600,0.1913,49620,1,24.9,1,100.00,1,157,210,0.1146,0.0857
29095011401,"Census Tract 114.01, Jackson County, Missouri",7835,45461,833,117900,0.0963,49620,1,17.2,1,44.23,1,268,422,0.053900000000000003,0.0342
29095012803,"Census Tract 128.03, Jackson County, Missouri",2004,53286,1269,88100,0.099,49620,0,12.6,0,NULL,1,60,82,0.0409,0.0299
29095016700,"Census Tract 167, Jackson County, Missouri",3660,41667,801,192600,0.1023,49620,1,15.7,0,0.15,1,516,138,0.0377,0.141
29095005601,"Census Tract 56.01, Jackson County, Missouri",1580,18231,464,40600,0.2935,49620,1,46.6,0,NULL,0,280,327,0.207,0.1772
29095014501,"Census Tract 145.01, Jackson County, Missouri",3801,55625,924,153600,0.0876,49620,0,4.6,0,25.54,1,106,66,0.0174,0.0279
29095007100,"Census Tract 71, Jackson County, Missouri",3286,64325,1131,145800,0.1197,49620,0,11.2,0,NULL,0,170,118,0.0359,0.0517
29095007400,"Census Tract 74, Jackson County, Missouri",4000,97826,1544,399000,0.1627,49620,0,18.7,0,NULL,1,57,15,0.0037,0.0142
29095004600,"Census Tract 46, Jackson County, Missouri",2458,59688,919,233900,0.1672,49620,0,12,0,17.79,1,66,43,0.0175,0.0269
29095002300,"Census Tract 23, Jackson County, Missouri",2058,30417,650,52100,0.2188,49620,1,40,0,NULL,1,188,262,0.1273,0.0914
29095012000,"Census Tract 120, Jackson County, Missouri",3492,51829,838,99200,0.1008,49620,0,16.7,0,14.43,1,66,188,0.0538,0.0189
29095017400,"Census Tract 174, Jackson County, Missouri",2721,33464,804,90300,0.0956,49620,1,22.7,0,0.27,1,179,203,0.0746,0.0658
29095014111,"Census Tract 141.11, Jackson County, Missouri",3534,84286,1132,229900,0.0638,49620,0,6.2,0,88.72,0,47,36,0.0102,0.0133
29095018200,"Census Tract 182, Jackson County, Missouri",3841,132566,1478,294000,0,49620,0,2.8,0,100.00,1,6,16,0.0042,0.0016
29095015000,"Census Tract 150, Jackson County, Missouri",3698,65592,891,146900,0.0949,49620,0,7.9,0,70.98,0,25,56,0.0151,0.0068
29095011700,"Census Tract 117, Jackson County, Missouri",3755,30563,745,76300,0.2047,49620,1,34.7,0,0.05,1,193,277,0.0738,0.0514
29095017700,"Census Tract 177, Jackson County, Missouri",5003,95273,1299,133300,0.0369,49620,0,2.8,0,60.48,0,26,59,0.0118,0.0052
29095015100,"Census Tract 151, Jackson County, Missouri",5839,64685,999,132300,0.0524,49620,0,10,0,36.19,1,18,172,0.0295,0.0031
29095009600,"Census Tract 96, Jackson County, Missouri",1708,23036,663,60000,0.2002,49620,1,52.5,1,91.89,1,165,261,0.1528,0.0966
29095014005,"Census Tract 140.05, Jackson County, Missouri",5235,71736,809,130100,0.0585,49620,0,7.3,0,66.50,1,43,208,0.0397,0.0082
29095014701,"Census Tract 147.01, Jackson County, Missouri",3883,67713,995,212600,0.1279,49620,0,11.7,0,14.48,1,126,21,0.0054,0.0324
29095014112,"Census Tract 141.12, Jackson County, Missouri",1775,113000,1271,300400,0.0229,49620,0,4.1,0,100.00,0,3,10,0.0056,0.0017
29095014002,"Census Tract 140.02, Jackson County, Missouri",1773,63750,1104,180500,0.0821,49620,0,8.8,0,99.45,0,6,37,0.0209,0.0034
29095013902,"Census Tract 139.02, Jackson County, Missouri",1665,88125,1063,213100,0.0103,49620,0,3.4,0,100.00,0,5,12,0.0072,0.003
29095011300,"Census Tract 113, Jackson County, Missouri",5424,63000,782,95100,0.1281,49620,0,12.3,0,10.22,1,174,366,0.0675,0.0321
29095014203,"Census Tract 142.03, Jackson County, Missouri",4270,118681,2606,261800,0,49620,0,1.3,0,59.10,1,0,25,0.0059,0
29095010103,"Census Tract 101.03, Jackson County, Missouri",2455,55956,849,136800,0.0963,49620,0,6.2,0,100.00,1,17,94,0.0383,0.0069
29095010600,"Census Tract 106, Jackson County, Missouri",3319,68381,1280,107500,0.0982,49620,0,11.8,0,8.34,1,72,87,0.0262,0.0217
29095988300,"Census Tract 9883, Jackson County, Missouri",100,56719,NA,231300,0,49620,0,0,0,100.00,0,0,0,0,0
29095008400,"Census Tract 84, Jackson County, Missouri",2904,179333,NA,556500,0.0177,49620,0,0.7,0,NULL,1,0,8,0.0028,0
29095010500,"Census Tract 105, Jackson County, Missouri",4417,42329,895,81700,0.1009,49620,1,20.4,1,72.73,1,316,425,0.0962,0.0715
29095008700,"Census Tract 87, Jackson County, Missouri",2338,36279,883,53400,0.2952,49620,1,27.3,0,14.33,1,255,309,0.1322,0.1091
29095011800,"Census Tract 118, Jackson County, Missouri",4476,44891,884,68500,0.2075,49620,1,9.7,1,21.14,1,247,241,0.0538,0.0552
29095014007,"Census Tract 140.07, Jackson County, Missouri",6219,61466,1022,161900,0.037,49620,0,6.6,0,37.24,1,69,112,0.018,0.0111
29095000300,"Census Tract 3, Jackson County, Missouri",1524,27778,739,165800,0.1087,49620,1,36.7,0,0.00,1,135,213,0.1398,0.0886
29095013309,"Census Tract 133.09, Jackson County, Missouri",5015,45500,859,119200,0.0154,49620,1,16.6,1,53.23,1,111,494,0.0985,0.0221
29095013003,"Census Tract 130.03, Jackson County, Missouri",5232,49247,1103,81800,0.1416,49620,1,7.6,1,16.16,1,114,191,0.0365,0.0218
29095016300,"Census Tract 163, Jackson County, Missouri",2106,33301,874,55500,0.1971,49620,1,17.3,1,95.56,1,127,219,0.104,0.0603
29095013904,"Census Tract 139.04, Jackson County, Missouri",7110,101474,1279,213000,0.0288,49620,0,2.5,0,46.70,1,33,0,0,0.0046
29095011405,"Census Tract 114.05, Jackson County, Missouri",3940,31772,699,102100,0.1043,49620,1,33.7,0,NULL,1,130,437,0.1109,0.033
29095011500,"Census Tract 115, Jackson County, Missouri",5884,37068,852,79600,0.1221,49620,1,26.2,0,0.93,1,451,711,0.1208,0.0766
29095014400,"Census Tract 144, Jackson County, Missouri",2560,65260,983,271400,0.083,49620,0,8.1,0,97.98,0,53,53,0.0207,0.0207
29095014502,"Census Tract 145.02, Jackson County, Missouri",4268,58691,1015,167900,0.1072,49620,0,6.1,0,36.62,1,36,168,0.0394,0.0084
29095019300,"Census Tract 193, Jackson County, Missouri",6355,84491,1138,165800,0.0521,49620,0,7.1,0,98.75,1,25,72,0.0113,0.0039
29095013307,"Census Tract 133.07, Jackson County, Missouri",2738,51279,745,114300,0.1175,49620,0,16.8,1,21.70,1,25,87,0.0318,0.0091
29095014702,"Census Tract 147.02, Jackson County, Missouri",4939,70931,1287,159400,0.0133,49620,0,4.4,0,69.79,1,66,46,0.0093,0.0134
29095009500,"Census Tract 95, Jackson County, Missouri",3242,38910,941,57300,0.2559,49620,1,22.8,0,11.50,1,256,369,0.1138,0.079
29095010105,"Census Tract 101.05, Jackson County, Missouri",3738,57378,967,257100,0.0399,49620,0,7.2,0,22.99,1,105,61,0.0163,0.0281
29095015900,"Census Tract 159, Jackson County, Missouri",2305,51295,878,158900,0.1136,49620,0,29.6,0,NULL,0,113,38,0.0165,0.049
29095011100,"Census Tract 111, Jackson County, Missouri",3048,39535,848,77700,0.0959,49620,1,17.7,1,22.97,1,56,123,0.0404,0.0184
29095009800,"Census Tract 98, Jackson County, Missouri",2926,49824,1001,135300,0.1072,49620,0,14.2,0,4.33,1,74,85,0.029,0.0253
29095006100,"Census Tract 61, Jackson County, Missouri",2890,41226,1071,35800,0.2368,49620,1,27.1,0,0.17,1,214,247,0.0855,0.074
29095014114,"Census Tract 141.14, Jackson County, Missouri",7184,74556,830,195700,0.0394,49620,0,4.6,0,20.32,1,100,221,0.0308,0.0139
29095013210,"Census Tract 132.10, Jackson County, Missouri",2817,36111,899,71500,0.0781,49620,1,24.5,1,44.19,1,157,272,0.0966,0.0557
29095017500,"Census Tract 175, Jackson County, Missouri",2200,50125,648,102000,0.1151,49620,0,27.3,0,58.65,0,111,188,0.0855,0.0505
29095014806,"Census Tract 148.06, Jackson County, Missouri",4242,93438,1285,203300,0.061,49620,0,1.6,0,100.00,1,9,35,0.0083,0.0021
29095013416,"Census Tract 134.16, Jackson County, Missouri",2378,75750,1169,134200,0.008,49620,0,1.3,0,33.63,1,13,86,0.0362,0.0055
29095007700,"Census Tract 77, Jackson County, Missouri",1247,24805,736,40500,0.2647,49620,1,30.2,0,11.73,1,188,203,0.1628,0.1508
29095017200,"Census Tract 172, Jackson County, Missouri",4604,46133,885,97600,0.1397,49620,1,19.2,1,46.90,1,102,274,0.0595,0.0222
29095008100,"Census Tract 81, Jackson County, Missouri",2209,45549,1052,64500,0.1846,49620,1,13.2,0,NULL,1,63,93,0.0421,0.0285
29095014903,"Census Tract 149.03, Jackson County, Missouri",5308,91510,584,258000,0.0264,49620,0,6,0,98.63,0,15,80,0.0151,0.0028
29095015600,"Census Tract 156, Jackson County, Missouri",2371,31226,684,51800,0.1524,49620,1,38.4,1,95.60,1,116,205,0.0865,0.0489
29095009700,"Census Tract 97, Jackson County, Missouri",1897,28986,859,120800,0.0784,49620,1,29.4,0,7.00,1,139,154,0.0812,0.0733
